Department,Total,closed,gold,diamond,bronze,green,hybrid,Journal articles,Open,% Open,Closed/AAM embargoed,Closed/AAM immediate,Potential % open
"2 Lincoln Agritech Limited, Lincoln University",1,1,0,0,0,0,0,1,0,0%,1,0,100%
"AERU, Lincoln University",2,1,0,0,0,1,0,2,1,50%,1,0,100%
"AGLS Faculty, Lincoln University",2,1,0,0,0,1,0,2,1,50%,1,0,100%
"AgResearch Limited, Hamilton, New Zealand, Lincoln University",1,0,0,0,1,0,0,1,1,100%,0,0,100%
"AgResearch Lincoln Research Centre, Christchurch, PB 4749, New Zealand, Faculty of Agriculture and Life Sciences, Lincoln University",1,0,1,0,0,0,0,1,1,100%,0,0,100%
"AgResearch, Lincoln Research Centre, Christchurch, New Zealand, Faculty of Agriculture and Life Sciences, Lincoln University",1,1,0,0,0,0,0,1,0,0%,1,0,100%
"AgResearch, Lincoln Research Centre, Faculty of Agribusiness and Commerce, Lincoln University",1,1,0,0,0,0,0,1,0,0%,1,0,100%
"AgResearch, Lincoln Research Centre, Private Bag 4749, Christchurch, 8140, New Zealand, Lincoln University",1,1,0,0,0,0,0,1,0,0%,1,0,100%
"AgResearch, Lincoln Science Centre, Christchurch, New Zealand, Faculty of Agriculture and Life Sciences, Lincoln University",4,1,1,0,1,0,1,4,3,75%,1,0,100%
"AgResearch, Lincoln Science Centre, Christchurch, New Zealand, Soil and Physical Sciences, Faculty of Agriculture and Life Sciences, Lincoln University",2,0,0,0,0,2,0,2,2,100%,0,0,100%
"AgResearch, Lincoln Science Centre, Hamilton, New Zealand, Faculty of Agriculture and Life Sciences, Lincoln University",1,0,1,0,0,0,0,1,1,100%,0,0,100%
"AgResearch, Lincoln Science Centre, Lincoln, New Zealand, Faculty of Agriculture and Life Sciences, Lincoln University",1,1,0,0,0,0,0,1,0,0%,1,0,100%
"AgResearch, Lincoln Science Centre, Private Bag 4749, Christchurch, 8140, New Zealand, Faculty of Agriculture and Life Sciences, Lincoln University",3,2,0,0,0,0,1,3,1,33%,2,0,100%
"AgResearch, Lincoln Science Centre, Private Bag 4749, Christchurch, 8140, New Zealand, Faculty of Agriculture and Life Sciences, P O Box 84, Lincoln University",2,0,1,0,0,0,1,2,2,100%,0,0,100%
"AgResearch, Lincoln Science Centre, Private Bag 4749, Christchurch, 8140, New Zealand, Soil and Physical Sciences, Faculty of Agriculture and Life Sciences, Lincoln University",1,1,0,0,0,0,0,1,0,0%,0,0,0%
"AgResearch, Lincoln University",1,0,0,0,1,0,0,1,1,100%,0,0,100%
"AgResearch, Ltd., Lincoln Research Centre, Proteins and Metabolites Team, Lincoln, New Zealand, Department of Wine, Food and Molecular Biosciences, Lincoln University",1,1,0,0,0,0,0,1,0,0%,0,1,100%
"AgResearch, Private Bag 4749, Christchurch, 8140, New Zealand, Bio-Protection Research Centre, Lincoln University",1,0,1,0,0,0,0,1,1,100%,0,0,100%
"Agresearch Grasslands, Tennent Drive, Fitzherbert, Palmerston North, New Zealand, Faculty of Life Sciences, Lincoln University",1,0,0,0,0,0,1,1,1,100%,0,0,100%
"Agribusiness and Commerce, Lincoln University",6,6,0,0,0,0,0,0,0,,0,0,0%
"Agribusiness and Economics Research Unit, Faculty of Agribusiness & Commerce, Lincoln University",1,1,0,0,0,0,0,1,0,0%,1,0,100%
"Agribusiness and Economics Research Unit, Lincoln University",7,3,4,0,0,0,0,7,4,57%,3,0,100%
"Agricultural Economics Research Unit (AERU), Lincoln University",1,1,0,0,0,0,0,1,0,0%,1,0,100%
"Agricultural and Life Sciences Division, Lincoln University",1,0,1,0,0,0,0,1,1,100%,0,0,100%
"Agriculture and Life Sciences, Lincoln University",4,2,1,0,0,0,1,4,2,50%,1,1,100%
"Agroécologie, AgroSup Dijon, INRA, Université Bourgogne, Université Bourgogne Franche-Comté, Dijon, France, Bio-Protection Research Centre, Lincoln University",2,1,1,0,0,0,0,2,1,50%,1,0,100%
"BHU Future Farming Centre, Canterbury, New Zealand, Faculty of Agriculture and Life Sciences, Lincoln University",1,1,0,0,0,0,0,1,0,0%,1,0,100%
"BHU Future Farming Centre, Lincoln University",1,0,1,0,0,0,0,1,1,100%,0,0,100%
"BHU Future Farming Centre, Lincoln, Canterbury, New Zealand, Faculty of Agriculture and Life Sciences, Lincoln University",1,1,0,0,0,0,0,1,0,0%,1,0,100%
"Bio Protection Research Centre, Lincoln University",2,1,0,0,0,0,1,2,1,50%,1,0,100%
"Bio-Protection Centre, Lincoln University",3,2,1,0,0,0,0,3,1,33%,2,0,100%
"Bio-Protection Research Center, Lincoln University",3,1,2,0,0,0,0,3,2,66%,1,0,100%
"Bio-Protection Research Centre, Lincoln University",95,41,23,1,7,10,13,95,54,56%,38,2,98%
"Bio-Protection Research Centre, P.O. Box 85084, Lincoln University",1,1,0,0,0,0,0,1,0,0%,1,0,100%
"Bio-Protection Research Centre, PO Box 85084, Lincoln University",4,1,2,0,0,1,0,4,3,75%,1,0,100%
"Bio-protection Research Centre, Lincoln University",2,1,1,0,0,0,0,2,1,50%,1,0,100%
"BioProtection Research Centre, Lincoln University",1,1,0,0,0,0,0,1,0,0%,1,0,100%
"Bioprotection Centre, Lincoln University",1,1,0,0,0,0,0,1,0,0%,1,0,100%
"Bioprotection Research Centre, Lincoln University",1,1,0,0,0,0,0,1,0,0%,1,0,100%
"Biosystems Engineering Department, Shiraz University, Shiraz, 7144165186, Iran, Lincoln Agritech Ltd., Lincoln University",1,1,0,0,0,0,0,1,0,0%,1,0,100%
"Business School, Lincoln University",1,0,1,0,0,0,0,1,1,100%,0,0,100%
"Canterbury Agriculture and Science Centre, Lincoln University",1,1,0,0,0,0,0,1,0,0%,1,0,100%
"Canterbury District Health Board, Christchurch, New Zealand, Research Management Office, Lincoln University",1,1,0,0,0,0,0,1,0,0%,1,0,100%
"Cawthron Institute, Nelson, New Zealand, Centre for Wildlife Management and Conservation, Lincoln University",1,0,0,0,0,1,0,1,1,100%,0,0,100%
"Center for Advanced Computational Solutions (C-fACS), Lincoln University",1,0,1,0,0,0,0,1,1,100%,0,0,100%
"Center for Advanced Computing (C-fACS), Lincoln University",1,0,1,0,0,0,0,1,1,100%,0,0,100%
"Center for Ecological Genomics and Wildlife Conservation, Department of Zoology, University of Johannesburg, Auckland Park, 2006, South Africa, Department of Pest-Management and Conservation, Faculty of Agriculture and Life Sciences, Lincoln University",1,0,1,0,0,0,0,1,1,100%,0,0,100%
"Center for Ecological Genomics and Wildlife Conservation, University of Johannesburg, Auckland Park, 2006, South Africa, Department of Pest-management and Conservation, Faculty of Agriculture and Life Sciences, Lincoln University",1,0,1,0,0,0,0,1,1,100%,0,0,100%
"Center for Ecological Genomics and Wildlife Conservation, University of Johannesburg, Auckland Park, South Africa, Department of Pest-management and Conservation, Faculty of Agriculture and Life Sciences, Lincoln University",1,1,0,0,0,0,0,1,0,0%,1,0,100%
"Center for International Cooperation, Ministry of Agriculture, Jakarta, Indonesia, Faculty of Agribusiness and Commerce, Lincoln University",1,1,0,0,0,0,0,1,0,0%,0,1,100%
"Center of Plant, Soil Interaction and Natural Resources Biotechnology, Scientific and Biotechnological Bioresource Nucleus (BIOREN-UFRO), Universidad de La Frontera, Temuco, 4780000, Chile, Doctorado en Ciencias de Recursos Naturales, Universidad de La Frontera, Avenida Francisco Salazar, 01145, P.O. Box 54-D, Temuco, 4780000, Chile, Faculty of Agriculture and Life Sciences, Lincoln University",1,1,0,0,0,0,0,1,0,0%,0,0,0%
"Centre for Advanced Computational Solutions (C-fACS), Lincoln University",2,0,2,0,0,0,0,2,2,100%,0,0,100%
"Centre for Advanced Computational Solutions, Lincoln University",1,1,0,0,0,0,0,1,0,0%,1,0,100%
"Centre for Agri-Environmental Research, School of Agriculture, Policy and Development, University of Reading, Reading, Berkshire  RG6 6AR, United Kingdom, Faculty of Agribusiness and Commerce, Lincoln University",1,1,0,0,0,0,0,1,0,0%,1,0,100%
"Centre for Excellence – Designing Future Productive Landscapes, Lincoln University",1,1,0,0,0,0,0,1,0,0%,1,0,100%
"Centre for Excellence: Designing Future Productive Landscapes, Lincoln University",1,0,1,0,0,0,0,1,1,100%,0,0,100%
"Centre for Food Research and Innovation Centre for Food Research and Innovations, Lincoln University",1,1,0,0,0,0,0,1,0,0%,1,0,100%
"Centre for Food Research and Innovation, Department of Wine, Food and Molecular Bioscience, Lincoln University",3,1,2,0,0,0,0,3,2,66%,0,0,66%
"Centre for Food Research and Innovation, Department of Wine, Food and Molecular Biosciences, Lincoln University",6,6,0,0,0,0,0,6,0,0%,6,0,100%
"Centre for Food Research and Innovation, Lincoln University",1,0,1,0,0,0,0,1,1,100%,0,0,100%
"Centre for Soil and Environmental Research, Lincoln University",11,10,0,0,1,0,0,11,1,9%,10,0,100%
"Centre for Wildlife Management & Conservation, Lincoln University",2,1,1,0,0,0,0,2,1,50%,1,0,100%
"Centre for Wildlife Management and Conservation, Lincoln University",1,0,0,0,0,1,0,1,1,100%,0,0,100%
"Centre of Excellence for Sustainable Tourism, Lincoln University",1,0,1,0,0,0,0,1,1,100%,0,0,100%
"Centre of Excellence of Food for Future Consumers, Lincoln University",1,1,0,0,0,0,0,1,0,0%,1,0,100%
"Centre of Excellence: Designing Future Production Landscapes, Faculty of Agriculture and Life Sciences, Lincoln University",1,1,0,0,0,0,0,1,0,0%,1,0,100%
"Centre of Excellence: Sustainable Tourism for Regions Landscapes and Communities, Lincoln University",1,0,0,0,0,1,0,1,1,100%,0,0,100%
"Centre of Excellence: Sustainable Tourism for Regions, Landscapes and Communities, Lincoln University",2,1,1,0,0,0,0,2,1,50%,1,0,100%
"Centre of Excellence: Sustainable Tourism, Lincoln University",2,1,1,0,0,0,0,2,1,50%,1,0,100%
"College of Agricultural Sciences, Department of Veterinary Medicine, Guangdong Ocean University, Zhanjiang, China, Faculty of Agriculture and Life Sciences, Department of Wine, Food, and Molecular Biosciences, Lincoln University",1,0,1,0,0,0,0,1,1,100%,0,0,100%
"College of Agriculture and Forestry Science, Linyi University, Linyi, 276000, China, Department of Soil and Physical Sciences, Lincoln University",2,2,0,0,0,0,0,2,0,0%,2,0,100%
"Complex Systems, Big Data and Informatics (CSBII), Lincoln University",1,1,0,0,0,0,0,1,0,0%,1,0,100%
"Complex Systems, Big Data and Informatics Initiative (CSBII) and Centre for Advanced Computational Solutions (C-fACS), Lincoln University",1,1,0,0,0,0,0,1,0,0%,1,0,100%
"Complex Systems, Big Data and Informatics Initiative (CSBII), Lincoln University",1,1,0,0,0,0,0,1,0,0%,1,0,100%
"DairyNZ Ltd, Canterbury Agriculture and Science Centre, Lincoln University",1,1,0,0,0,0,0,1,0,0%,1,0,100%
"DairyNZ Ltd, Lincoln University",3,0,0,0,0,1,2,3,3,100%,0,0,100%
"DairyNZ Ltd., Lincoln University",1,1,0,0,0,0,0,1,0,0%,1,0,100%
"DairyNZ, Lincoln University",5,4,0,0,0,0,1,5,1,20%,1,3,100%
"Department of Accounting, Economics & Finance, Faculty of Agribusiness and Commerce, Lincoln University",1,1,0,0,0,0,0,1,0,0%,1,0,100%
"Department of Accounting, Economics and Finance, Lincoln University",1,1,0,0,0,0,0,1,0,0%,0,1,100%
"Department of Accounting, Finance and Economics, Lincoln University",1,1,0,0,0,0,0,1,0,0%,0,1,100%
"Department of Agribusiness and Commerce, Lincoln University",2,1,0,0,0,1,0,2,1,50%,0,1,100%
"Department of Agribusiness and Markets, Faculty of Agribusiness and Commerce, Lincoln University",1,0,0,0,0,0,1,1,1,100%,0,0,100%
"Department of Agribusiness and Markets, Faculty of Commerce, Lincoln University",1,1,0,0,0,0,0,1,0,0%,0,1,100%
"Department of Agribusiness and Markets, Lincoln University",1,1,0,0,0,0,0,1,0,0%,0,1,100%
"Department of Agricultural Economics and Rural Development, University of Goettingen, Germany, Department of Global Value Chains and Trade, Lincoln University",1,1,0,0,0,0,0,1,0,0%,1,0,100%
"Department of Agricultural Science, Lincoln University",4,1,3,0,0,0,0,4,3,75%,0,1,100%
"Department of Agricultural Sciences, Faculty of Agricultural and Life Sciences, Lincoln University",2,1,0,0,0,0,1,2,1,50%,0,1,100%
"Department of Agricultural Sciences, Faculty of Agriculture and Life Sciences, Lincoln University",8,5,2,0,0,1,0,8,3,37%,4,0,87%
"Department of Agricultural Sciences, Lincoln University",9,3,5,0,1,0,0,9,6,66%,3,0,100%
"Department of Agriculture and Life Sciences, Lincoln University",2,1,1,0,0,0,0,2,1,50%,1,0,100%
"Department of Basic Medical Sciences, Lincoln University",1,1,0,0,0,0,0,0,0,,0,0,0%
"Department of Biological Sciences, Louisiana State University, Baton Rouge, LA, United States, The Bio-Protection Research Centre, Lincoln University",1,1,0,0,0,0,0,1,0,0%,1,0,100%
"Department of Biosystems Engineering, Shiraz University, Shiraz, Iran, Lincoln Agritech Ltd., Lincoln University",1,0,0,1,0,0,0,1,1,100%,0,0,100%
"Department of Business Management, Law and Marketing, Faculty of Agribusiness and Commerce, Lincoln University",1,1,0,0,0,0,0,1,0,0%,1,0,100%
"Department of Business and Finance, Department of Accounting, Finance and Economics, Faculty of Commerce, Lincoln University",1,1,0,0,0,0,0,1,0,0%,1,0,100%
"Department of Business and Finance, Faculty of Agribusiness and Commerce, Lincoln University",2,1,1,0,0,0,0,2,1,50%,0,1,100%
"Department of Civil Engineering, Faculty of Engineering, University of Peradeniya, Peradeniya, 20400, Sri Lanka, Department of Soil and Physical Sciences, Lincoln University",1,1,0,0,0,0,0,1,0,0%,1,0,100%
"Department of Commerce, Lincoln University",1,1,0,0,0,0,0,1,0,0%,0,1,100%
"Department of Conservation, Private Bag 4715, Christchurch, New Zealand, Centre for Wildlife Management & Conservation, Lincoln University",1,0,1,0,0,0,0,1,1,100%,0,0,100%
"Department of Ecology, Lincoln University",4,3,0,0,1,0,0,4,1,25%,3,0,100%
"Department of Environmental Management, Faculty of Environment, Society and Design, Lincoln University",1,0,1,0,0,0,0,1,1,100%,0,0,100%
"Department of Environmental Management, Lincoln University",10,7,1,0,1,0,1,10,3,30%,7,0,100%
"Department of Financial and Business Analysis, Lincoln University",3,2,0,0,0,1,0,3,1,33%,2,0,100%
"Department of Financial and Business System, Faculty of Agribusiness and Commerce, Lincoln University",3,2,1,0,0,0,0,3,1,33%,0,2,100%
"Department of Financial and Business Systems, Faculty of Agribusiness and Commerce, Lincoln University",4,2,0,0,1,0,1,4,2,50%,2,0,100%
"Department of Financial and Business Systems, Lincoln University",6,6,0,0,0,0,0,6,0,0%,3,3,100%
"Department of Food Science, Faculty of Science and Technology, Aarhus University, Kirstinebjergvej 10, Aarslev, 5792, Denmark, Department of Wine, Food and Molecular Biosciences, Faculty of Agriculture and Life Sciences, Lincoln University",1,1,0,0,0,0,0,1,0,0%,1,0,100%
"Department of Food Science, University of Otago, PO Box 56, Dunedin, 9054, New Zealand, Department of Wine, Food and Molecular Biosciences, Lincoln University",1,0,1,0,0,0,0,1,1,100%,0,0,100%
"Department of Food and Resource Economics, Faculty of Agribusiness and Commerce, Lincoln University",1,1,0,0,0,0,0,1,0,0%,1,0,100%
"Department of Food, Wine and Molecular Biosciences, Faculty of Agriculture and Life Sciences, Lincoln University",1,0,1,0,0,0,0,1,1,100%,0,0,100%
"Department of Geography, University of Wisconsin-Madison, Madison, WI, United States, Centre for Excellence (DFPL), Lincoln University",1,1,0,0,0,0,0,0,0,,0,0,0%
"Department of Global Value Chain and Trade, Lincoln University",1,1,0,0,0,0,0,1,0,0%,1,0,100%
"Department of Global Value Chains & Trade, Faculty of Agribusiness & Commerce, Lincoln University",1,1,0,0,0,0,0,1,0,0%,1,0,100%
"Department of Global Value Chains and Trade, Faculty of Agribusiness and Commerce, Lincoln University",30,23,3,0,1,1,2,30,7,23%,21,2,100%
"Department of Global Value Chains and Trade, Lincoln University",7,7,0,0,0,0,0,7,0,0%,3,4,100%
"Department of Land Management and Systems, Faculty of Agribusiness and Commerce, Lincoln University",3,1,0,0,0,1,1,3,2,66%,1,0,100%
"Department of Land Management and Systems, Lincoln University",6,3,3,0,0,0,0,6,3,50%,3,0,100%
"Department of Management and Marketing, Lincoln University",1,1,0,0,0,0,0,1,0,0%,0,1,100%
"Department of Mass Communications, Lincoln University",1,1,0,0,0,0,0,1,0,0%,1,0,100%
"Department of Molecular Biosciences, and Centre for Advanced Computational Solutions (C-fACS), Lincoln University",1,1,0,0,0,0,0,1,0,0%,1,0,100%
"Department of Pest Management & Conservation, Lincoln University",1,0,1,0,0,0,0,1,1,100%,0,0,100%
"Department of Pest Management and Conservation, Lincoln University",1,1,0,0,0,0,0,1,0,0%,1,0,100%
"Department of Pest-Management and Conservation, Faculty of Agriculture and Life Sciences, Lincoln University",1,0,1,0,0,0,0,1,1,100%,0,0,100%
"Department of Pest-Management and Conservation, Lincoln University",1,0,1,0,0,0,0,1,1,100%,0,0,100%
"Department of Pest-management and Conservation, Faculty of Agriculture & Life Sciences, Lincoln University",1,1,0,0,0,0,0,1,0,0%,1,0,100%
"Department of Pest-management and Conservation, Faculty of Agriculture and Life Science, Lincoln University",3,0,3,0,0,0,0,3,3,100%,0,0,100%
"Department of Pest-management and Conservation, Faculty of Agriculture and Life Sciences, Lincoln University",9,7,1,0,1,0,0,9,2,22%,7,0,100%
"Department of Pest-management and Conservation, Lincoln University",10,3,2,1,2,1,1,10,7,70%,3,0,100%
"Department of Political Science and International Relations, University of Canterbury, Christchurch, New Zealand, Department of Environmental Management, Lincoln University",1,0,0,0,0,1,0,1,1,100%,0,0,100%
"Department of Soil & Physical Sciences, Faculty of Agriculture & Life Sciences, Lincoln University",1,1,0,0,0,0,0,1,0,0%,1,0,100%
"Department of Soil Science, Faculty of Agricultural and Life Sciences, Lincoln University",1,1,0,0,0,0,0,1,0,0%,1,0,100%
"Department of Soil Science, Faculty of Agriculture and Life Sciences, Lincoln University",2,2,0,0,0,0,0,2,0,0%,2,0,100%
"Department of Soil Science, Lincoln University",1,0,1,0,0,0,0,1,1,100%,0,0,100%
"Department of Soil and Physical Sciences, Faculty of Agriculture and Life Science, Lincoln University",6,5,0,0,1,0,0,6,1,16%,5,0,100%
"Department of Soil and Physical Sciences, Faculty of Agriculture and Life Sciences, Lincoln University",9,8,0,1,0,0,0,9,1,11%,6,2,100%
"Department of Soil and Physical Sciences, Lincoln University",18,11,4,0,0,1,2,18,7,38%,10,1,100%
"Department of Tourism Sport and Society, Lincoln University",1,1,0,0,0,0,0,1,0,0%,1,0,100%
"Department of Tourism Sport, and Society, Lincoln University",1,0,0,0,0,1,0,1,1,100%,0,0,100%
"Department of Tourism, Sport & Society Faculty of Environment, Society & Design P O Box 85084 Lincoln University",1,1,0,0,0,0,0,1,0,0%,1,0,100%
"Department of Tourism, Sport & Society, Lincoln University",1,0,0,0,0,0,1,1,1,100%,0,0,100%
"Department of Tourism, Sport and Society, Lincoln University",14,8,2,0,2,2,0,13,5,38%,8,0,92%
"Department of Veterinary Medicine, Guangdong Ocean University, Zhanjiang, 524088, China, Faculty of Agriculture and Life Sciences, Lincoln University",1,0,0,0,0,1,0,1,1,100%,0,0,100%
"Department of Wine Food and Molecular Biosciences, Faculty of Agriculture and Life Sciences, Lincoln University",12,12,0,0,0,0,0,11,0,0%,11,0,91%
"Department of Wine and Food Science, Waite Research Institute, University of Adelaide (UA), Waite Campus, PMB 1, Glen Osmond, SA  5064, Australia, Australian Research Council Training Centre for Innovative Wine Production, UA, Waite Campus, PMB 1, Glen Osmond, SA  5064, Australia, Faculty of Agriculture and Life Sciences, Lincoln University",1,0,1,0,0,0,0,1,1,100%,0,0,100%
"Department of Wine and Food, Lincoln University",1,1,0,0,0,0,0,1,0,0%,1,0,100%
"Department of Wine, Food & Molecular Biosciences, Faculty of AGLS, Lincoln University",1,0,0,0,0,1,0,1,1,100%,0,0,100%
"Department of Wine, Food & Molecular Biosciences, Lincoln University",1,1,0,0,0,0,0,1,0,0%,1,0,100%
"Department of Wine, Food Molecular Biosciences, Lincoln University",3,3,0,0,0,0,0,3,0,0%,2,0,66%
"Department of Wine, Food and Molecular Biosciences, Centre for Food Research and Innovation, Lincoln University",5,4,0,0,1,0,0,2,0,0%,2,0,40%
"Department of Wine, Food and Molecular Biosciences, Faculty of Agriculture & Life Sciences, Lincoln University",4,2,2,0,0,0,0,4,2,50%,2,0,100%
"Department of Wine, Food and Molecular Biosciences, Faculty of Agriculture and Life Sciences, Lincoln University",28,12,13,0,1,0,2,28,16,57%,12,0,100%
"Department of Wine, Food and Molecular Biosciences, Faculty of Agriculture and Life Sciences, RFH Building, PO Box 85054, Lincoln University",1,1,0,0,0,0,0,1,0,0%,1,0,100%
"Department of Wine, Food and Molecular Biosciences, Lincoln University",57,46,8,0,1,2,0,42,11,26%,28,3,73%
"Department of Wine, Food, and Molecular Biosciences, Faculty of Agriculture and Life Science, Lincoln University",1,1,0,0,0,0,0,1,0,0%,0,0,0%
"Department of Wine, Food, and Molecular Biosciences, Faculty of Agriculture and Life Sciences, Lincoln University",1,0,0,0,1,0,0,1,1,100%,0,0,100%
"Department of Wine, Food, and Molecular Biosciences, Lincoln University",1,1,0,0,0,0,0,1,0,0%,1,0,100%
"Department of Wine,Food and Molecular Biosciences, Lincoln University",1,0,1,0,0,0,0,1,1,100%,0,0,100%
"Department ofWine, Food, and Molecular Bioscience, Lincoln University",1,0,0,1,0,0,0,1,1,100%,0,0,100%
"Dept. of Civil Engineering, Faculty of Engineering, University of Peradeniya, Peradeniya, 20400, Sri Lanka, Dept. of Soil and Physical Sciences, Lincoln University",1,0,0,0,0,0,1,1,1,100%,0,0,100%
"Dept. of Soil and Physical Sciences, Lincoln University",1,0,0,0,0,0,1,1,1,100%,0,0,100%
"Division of Biology, Imperial College London, South Kensington, London, SW7 2AZ, United Kingdom, Future Farming Centre, Lincoln University",2,1,0,0,1,0,0,2,1,50%,1,0,100%
"Dryland Pasture Research, Field Research Centre, Faculty of Agriculture & Life Sciences, Lincoln University",1,1,0,0,0,0,0,1,0,0%,1,0,100%
"Dryland Pasture Research, Field Research Centre, Lincoln University",1,1,0,0,0,0,0,1,0,0%,1,0,100%
"Dryland Pastures Research, Field Research Centre, Faculty of Agriculture & Life Sciences, Lincoln University",2,0,0,0,0,1,1,2,2,100%,0,0,100%
"Entecol Ltd, PO Box 142, Nelson, 7040, New Zealand, Department of Ecology, Lincoln University",1,0,0,0,1,0,0,1,1,100%,0,0,100%
"Entomology Research Collection, Bio-Protection Research Centre, Lincoln University",1,1,0,0,0,0,0,1,0,0%,1,0,100%
"Environment Canterbury, PO Box 345, Christchurch, New Zealand, Lincoln University",1,1,0,0,0,0,0,1,0,0%,1,0,100%
"Environment, Society and Design Unit, Lincoln University",1,1,0,0,0,0,0,1,0,0%,1,0,100%
"Environment, Society and Design, Lincoln University",1,1,0,0,0,0,0,0,0,,0,0,0%
"Facultad de Ciencias Agrarias (Universidad Nacional del Litoral), Av. Kreder 2805 (3080), Esperanza, Santa Fe, Argentina, Faculty of Agriculture and Life Sciences, Lincoln University",1,1,0,0,0,0,0,1,0,0%,0,1,100%
"Faculty of Agribusiness and Commerce, Lincoln University",32,22,6,1,1,0,2,32,10,31%,17,5,100%
"Faculty of Agribusiness and Commerce, PO Box 85084 Lincoln University",1,1,0,0,0,0,0,1,0,0%,1,0,100%
"Faculty of Agribusiness and Trade, Lincoln University",2,2,0,0,0,0,0,2,0,0%,2,0,100%
"Faculty of Agricultural and Life Sciences, Lincoln University",5,4,1,0,0,0,0,5,1,20%,4,0,100%
"Faculty of Agriculture & Life Science, Lincoln University",2,2,0,0,0,0,0,2,0,0%,2,0,100%
"Faculty of Agriculture & Life Sciences, Field Research Centre, Lincoln University",1,1,0,0,0,0,0,1,0,0%,1,0,100%
"Faculty of Agriculture & Life Sciences, Lincoln University",5,5,0,0,0,0,0,5,0,0%,5,0,100%
"Faculty of Agriculture and Life Science, Lincoln University",9,7,2,0,0,0,0,9,2,22%,4,2,88%
"Faculty of Agriculture and Life Sciences, Department of Agricultural Sciences, Lincoln University",1,0,1,0,0,0,0,1,1,100%,0,0,100%
"Faculty of Agriculture and Life Sciences, Department of Wine Food and Molecular Biosciences, Lincoln University",1,1,0,0,0,0,0,1,0,0%,1,0,100%
"Faculty of Agriculture and Life Sciences, Department of Wine, Food, and Molecular Biosciences, Lincoln University",1,0,1,0,0,0,0,1,1,100%,0,0,100%
"Faculty of Agriculture and Life Sciences, Lincoln University",97,52,19,0,8,7,11,97,45,46%,44,5,96%
"Faculty of Agriculture and Life Sciences, P.O. Box 85084, Lincoln University",1,1,0,0,0,0,0,1,0,0%,1,0,100%
"Faculty of Agriculture and Life Sciences, PO Box 85084, Lincoln University",3,2,1,0,0,0,0,3,1,33%,1,0,66%
"Faculty of Animal Science and Technology & Gansu Key Laboratory of Herbivorous Animal Biotechnology, Gansu Agricultural University, Lanzhou, 730070, China, Gene-Marker Laboratory, Faculty of Agriculture and Life Sciences, Lincoln University",1,0,1,0,0,0,0,1,1,100%,0,0,100%
"Faculty of Animal Science and Technology, Gansu Key Laboratory of Herbivorous Animal Biotechnology, Gansu Agricultural University, Lanzhou, 730070, China, Gene-Marker Laboratory, Faculty of Agricultural and Life Sciences, Lincoln University",1,1,0,0,0,0,0,1,0,0%,1,0,100%
"Faculty of Animal Science and Technology, Gansu Key Laboratory of Herbivorous Animal Biotechnology, Gansu Agricultural University, Lanzhou, 730070, China, Gene-Marker Laboratory, Faculty of Agriculture and Life Sciences, Lincoln University",1,0,1,0,0,0,0,1,1,100%,0,0,100%
"Faculty of Banking, University of Economics - the University of Danang, 71 Ngu Hanh Son Street, Danang, Viet Nam, Faculty of Agribusiness and Commerce, Lincoln University",1,1,0,0,0,0,0,1,0,0%,1,0,100%
"Faculty of Banking, University of Economics - the University of Danang, Danang, Viet Nam, Faculty of Agribusiness and Commerce, Lincoln University",1,1,0,0,0,0,0,1,0,0%,1,0,100%
"Faculty of Banking, University of Economics – the University of Danang, Danang, Viet Nam, Faculty of Agribusiness and Commerce, Lincoln University",1,1,0,0,0,0,0,1,0,0%,1,0,100%
"Faculty of Biology and Psychology, University of Goettingen, Goettingen, Germany, Faculty of Agriculture and Life Sciences, Lincoln University",1,1,0,0,0,0,0,1,0,0%,0,1,100%
"Faculty of Commerce, Lincoln University",2,1,1,0,0,0,0,2,1,50%,0,1,100%
"Faculty of Environment Society and Design Computing, Lincoln University",1,1,0,0,0,0,0,0,0,,0,0,0%
"Faculty of Environment, Society & Design, Lincoln University",2,1,0,0,1,0,0,2,1,50%,1,0,100%
"Faculty of Environment, Society and Design, Department of Environmental Management, Lincoln University",1,1,0,0,0,0,0,1,0,0%,1,0,100%
"Faculty of Environment, Society and Design, Lincoln University",20,13,4,0,0,0,3,16,7,43%,8,1,80%
"Faculty of Environment, Society and Design, School of Landscape Architecture, Lincoln University",1,1,0,0,0,0,0,1,0,0%,1,0,100%
"Faculty of Environment, Society, and Design, Lincoln University",1,1,0,0,0,0,0,1,0,0%,1,0,100%
"Faculty of Life Sciences, Lincoln University",1,0,0,0,0,0,1,1,1,100%,0,0,100%
"Faculty of Resource Science and Technology, University Malaysia Sarawak, Malaysia, Faculty of Agriculture and Life Sciences, Lincoln University",1,1,0,0,0,0,0,1,0,0%,1,0,100%
"Faculty of Veterinary and Agricultural Sciences, School of Agriculture and Food, University of Melbourne, Parkville, VIC  3010, Australia, Department of Wine, Food and Molecular Biosciences, Faculty of Agriculture and Life Sciences, Lincoln University",3,0,3,0,0,0,0,3,3,100%,0,0,100%
"Field Research Centre, Faculty of Agriculture & Life Sciences, Lincoln University",2,2,0,0,0,0,0,2,0,0%,1,1,100%
"Field Research Centre, Faculty of Agriculture Life Sciences, Lincoln University",1,1,0,0,0,0,0,1,0,0%,1,0,100%
"Field Research Centre, Faculty of Agriculture and Life Sciences, Lincoln University",1,0,0,0,0,0,1,1,1,100%,0,0,100%
"Field Research Centre, Lincoln University",2,2,0,0,0,0,0,2,0,0%,2,0,100%
"Food Chemistry and Technology Department, Teagasc Food Research Centre, Moorepark, Fermoy, Co. Cork, Ireland, Department of Wine, Food and Molecular Biosciences, Lincoln University",1,1,0,0,0,0,0,1,0,0%,1,0,100%
"Food Group, Department of Wine, Food and Molecular Biosciences, Agriculture and Life Sciences, Lincoln University",2,1,1,0,0,0,0,2,1,50%,1,0,100%
"Food Group, Department of Wine, Food and Molecular Biosciences, Lincoln University",6,6,0,0,0,0,0,6,0,0%,6,0,100%
"Food Science, Department of Wine, Food and Molecular Biosciences, Lincoln University",2,2,0,0,0,0,0,2,0,0%,2,0,100%
"Forage Science Group, AgResearch, Christchurch, New Zealand, Bio-Protection Research Centre, Lincoln University",1,1,0,0,0,0,0,1,0,0%,1,0,100%
"Forage Science, AgResearch, Lincoln Research Centre, Christchurch, New Zealand, Bio-Protection Research Centre, Lincoln University",1,1,0,0,0,0,0,1,0,0%,1,0,100%
"Forest Systems, Scion, Riccarton, New Zealand, BioProtection Research Centre, Lincoln University",1,0,1,0,0,0,0,1,1,100%,0,0,100%
"Future Farming Centre, Lincoln University",1,0,1,0,0,0,0,1,1,100%,0,0,100%
"Gansu Key Laboratory of Herbivorous Animal Biotechnology, Faculty of Animal Science and Technology, Gansu Agricultural University, Lanzhou, 730070, China, Gene-Marker Laboratory, Faculty of Agriculture and Life Science, Lincoln University",2,1,1,0,0,0,0,2,1,50%,1,0,100%
"Gansu Key Laboratory of Herbivorous Animal Biotechnology, Faculty of Animal Science and Technology, Gansu Agricultural University, Lanzhou, 730070, China, International Wool Research Institute, Faculty of Animal Science and Technology, Gansu Agricultural University, Lanzhou, 730070, China, Gene-Marker Laboratory, Faculty of Agriculture and Life Sciences, Lincoln University",3,0,3,0,0,0,0,3,3,100%,0,0,100%
"Gansu Key Laboratory of Herbivorous Animal Biotechnology, Faculty of Animal Science and Technology, Gansu Agricultural University, Lanzhou, 730070, China, International Wool Research Institute, Faculty of Animal Science and Technology, Gansu Agricultural University, Lanzhou, 730070, China, Gene‐Marker Laboratory, Faculty of Agriculture and Life Sciences, Lincoln University",1,0,1,0,0,0,0,1,1,100%,0,0,100%
"Gansu Key Laboratory of Herbivorous Animal Biotechnology, Faculty of Animal Science and Technology, Gansu Agricultural University, Lanzhou, 730070, China, International Wool Research Institute, Gansu Agricultural University, Lanzhou, 730070, China, Gene-Marker Laboratory, Faculty of Agricultural and Life Sciences, Lincoln University",1,0,1,0,0,0,0,1,1,100%,0,0,100%
"Gansu Key Laboratory of Herbivorous Animal Biotechnology, Faculty of Animal Science and Technology, Gansu Agricultural University, Lanzhou, 730070, China, International Wool Research Institute, Gansu Agricultural University, Lanzhou, 730070, China, Gene-Marker Laboratory, Faculty of Agriculture and Life Sciences, Lincoln University",1,0,1,0,0,0,0,1,1,100%,0,0,100%
"Gansu Key Laboratory of Herbivorous Animal Biotechnology, Faculty of Animal Science and Technology, Gansu Agricultural University, Lanzhou, 730070, China, International Wool Research Institute, Gansu Agricultural University, Lanzhou, 730070, China, Gene-marker Laboratory, Faculty of Agricultural and Life Sciences, Lincoln University",1,0,1,0,0,0,0,1,1,100%,0,0,100%
"Gansu Key Laboratory of Herbivorous Animal Biotechnology, Faculty of Animal Science and Technology, Gansu Agricultural University, Lanzhou, China, Gene-Marker Laboratory, Faculty of Agriculture and Life Sciences, Lincoln University",1,0,1,0,0,0,0,1,1,100%,0,0,100%
"Gene-Marker Laboratory, Department of Agricultural Sciences, Faculty of Agriculture and Life Sciences, Lincoln University",1,0,1,0,0,0,0,1,1,100%,0,0,100%
"Gene-Marker Laboratory, Department of Agricultural Sciences, Lincoln University",3,2,1,0,0,0,0,3,1,33%,1,1,100%
"Gene-Marker Laboratory, Faculty of Agricultural and Life Science, Lincoln University",1,1,0,0,0,0,0,1,0,0%,1,0,100%
"Gene-Marker Laboratory, Faculty of Agricultural and Life Sciences, Lincoln University",1,1,0,0,0,0,0,1,0,0%,1,0,100%
"Gene-Marker Laboratory, Faculty of Agriculture and Life Sciences, Lincoln University",5,3,1,0,0,1,0,5,2,40%,3,0,100%
"Global Value Chains and Trade, Lincoln University",1,0,1,0,0,0,0,1,1,100%,0,0,100%
"Guest Editor Faculty of Agriculture and Life Sciences, Lincoln University",1,0,0,0,1,0,0,1,1,100%,0,0,100%
"II, Bio-Protection Research Centre, Lincoln University",1,0,0,0,1,0,0,1,1,100%,0,0,100%
"Insect Science Solutions, 209 Lawford Road, RD 6, Christchurch, 7676, New Zealand, Faculty of Agriculture and Life Sciences, Lincoln University",1,0,0,0,1,0,0,1,1,100%,0,0,100%
"Institute of Applied Ecology, Chinese Academy of Sciences, Shenyang, 10016, China, Agriculture and Life Sciences, Lincoln University",1,0,0,0,0,0,1,1,1,100%,0,0,100%
"International Joint Research Laboratory on Ecological Pest Management, Fuzhou, China, Lincoln University",1,0,0,0,0,0,1,1,1,100%,0,0,100%
"International Wool Research Institute, College of Animal Science and Technology, Gansu Agricultural University, Lanzhou, 730070, China, Gene-Marker Laboratory, Faculty of Agriculture and Life Sciences, Lincoln University",1,0,1,0,0,0,0,1,1,100%,0,0,100%
"International Wool Research Institute, Faculty of Animal Science and Technology, Gansu Agricultural University, Lanzhou, 730070, China, Faculty of Agricultural and Life Sciences, Lincoln University",2,0,0,0,1,1,0,2,2,100%,0,0,100%
"International Wool Research Institute, Faculty of Animal Science and Technology, Gansu Agricultural University, Lanzhou, 730070, China, Gene-Marker Laboratory, Faculty of Agriculture and Life Sciences, Lincoln University",2,0,1,0,0,1,0,2,2,100%,0,0,100%
"International Wool Research Institute, Gansu Agricultural University, Lanzhou, 730070, China, Gene Marker Laboratory, Faculty of Agriculture and Life Sciences, Lincoln University",1,0,1,0,0,0,0,1,1,100%,0,0,100%
"International Wool Research Institute, Gansu Agricultural University, Lanzhou, 730070, China, Gene-Marker Laboratory, Faculty of Agriculture and Life Sciences, Lincoln University",2,1,1,0,0,0,0,2,1,50%,1,0,100%
"International Wool Research Institute, Gansu Agricultural University, Lanzhou, 730070, China, Gene-marker Laboratory, Faculty of Agricultural and Life Sciences, Lincoln University",2,0,2,0,0,0,0,2,2,100%,0,0,100%
"Key Laboratory of East China Urban Agriculture, Ministry of Agriculture, Shandong Institute of Agricultural Sustainable Development, Shandong Academy of Agricultural Sciences, Jinan, 250100, China, Department of Soil and Physical Sciences, Lincoln University",2,2,0,0,0,0,0,2,0,0%,2,0,100%
"Land Management and Systems, Faculty of Agribusiness and Commerce, Lincoln University",3,1,1,0,0,0,1,3,2,66%,1,0,100%
"Land Research Services/ARGOS, Lincoln University",1,0,0,0,0,1,0,1,1,100%,0,0,100%
"Land and Water Science, Invercargill, New Zealand, Waterways Centre for Freshwater Management, University of Canterbury and Lincoln University",1,1,0,0,0,0,0,1,0,0%,1,0,100%
"Lincoln Agritech Limited, Lincoln University",1,0,1,0,0,0,0,1,1,100%,0,0,100%
"Lincoln Agritech Ltd, Lincoln University",2,2,0,0,0,0,0,0,0,,0,0,0%
"Lincoln Agritech Ltd., Lincoln University",1,1,0,0,0,0,0,1,0,0%,1,0,100%
"Lincoln Research Centre, AgResearch, Canterbury, New Zealand, Faculty of Agriculture and Life Sciences, Lincoln University",1,1,0,0,0,0,0,1,0,0%,1,0,100%
"Lincoln Science Centre, Private Bag 4749, Christchurch, 8140, New Zealand, Bio-Protection Research Centre, Lincoln University",1,0,1,0,0,0,0,1,1,100%,0,0,100%
"Lincoln Univ PO, Lincoln 7647",1,1,0,0,0,0,0,1,0,0%,0,1,100%
"Lincoln Univ, AERU",4,3,0,0,0,1,0,4,1,25%,3,0,100%
"Lincoln Univ, AGLS Fac",3,2,0,0,0,1,0,3,1,33%,2,0,100%
"Lincoln Univ, AgRes",1,0,0,0,1,0,0,1,1,100%,0,0,100%
"Lincoln Univ, Agr & Life Sci",5,3,1,0,0,0,1,5,2,40%,1,2,100%
"Lincoln Univ, Agr & Life Sci Div",1,0,1,0,0,0,0,1,1,100%,0,0,100%
"Lincoln Univ, Agribusiness & Econ Res Unit",11,6,5,0,0,0,0,11,5,45%,5,1,100%
"Lincoln Univ, Aotearoa",2,2,0,0,0,0,0,2,0,0%,2,0,100%
"Lincoln Univ, BHU Future Farming Ctr",1,0,1,0,0,0,0,1,1,100%,0,0,100%
"Lincoln Univ, Bio Protect Res Ctr",2,1,0,0,0,0,1,2,1,50%,1,0,100%
"Lincoln Univ, BioProtect Res Ctr",4,2,1,0,0,0,1,4,2,50%,2,0,100%
"Lincoln Univ, Bioprotect Ctr",5,5,0,0,0,0,0,5,0,0%,4,0,80%
"Lincoln Univ, Bioprotect Res Centre",1,1,0,0,0,0,0,1,0,0%,1,0,100%
"Lincoln Univ, Bioprotect Res Ctr",111,53,28,0,4,9,17,111,58,52%,50,2,99%
"Lincoln Univ, Canterbury",1,1,0,0,0,0,0,1,0,0%,1,0,100%
"Lincoln Univ, Canterbury Agr & Sci Ctr",1,1,0,0,0,0,0,1,0,0%,1,0,100%
"Lincoln Univ, Christchurch",2,2,0,0,0,0,0,2,0,0%,2,0,100%
"Lincoln Univ, Complex Syst Big Data & Informat Initiat CSBII",3,2,1,0,0,0,0,3,1,33%,2,0,100%
"Lincoln Univ, Ctr Adv Comp C fACS",1,0,1,0,0,0,0,1,1,100%,0,0,100%
"Lincoln Univ, Ctr Adv Computat Solut",1,1,0,0,0,0,0,1,0,0%,1,0,100%
"Lincoln Univ, Ctr Adv Computat Solut C fACS",3,0,3,0,0,0,0,3,3,100%,0,0,100%
"Lincoln Univ, Ctr Excellence Designing Future Prod Landscapes",1,0,1,0,0,0,0,1,1,100%,0,0,100%
"Lincoln Univ, Ctr Excellence Designing Future Product Landscape",1,1,0,0,0,0,0,1,0,0%,1,0,100%
"Lincoln Univ, Ctr Excellence Food Future Consumers",1,1,0,0,0,0,0,1,0,0%,1,0,100%
"Lincoln Univ, Ctr Excellence Sustainable Tourism",4,1,2,1,0,0,0,4,3,75%,1,0,100%
"Lincoln Univ, Ctr Excellence Sustainable Tourism Reg Landscapes",3,2,0,0,0,1,0,3,1,33%,2,0,100%
"Lincoln Univ, Ctr Excellence: Sustainable Tourism Reg Landscape",1,0,1,0,0,0,0,1,1,100%,0,0,100%
"Lincoln Univ, Ctr Food Res",1,1,0,0,0,0,0,1,0,0%,1,0,100%
"Lincoln Univ, Ctr Food Res & Innovat",8,6,2,0,0,0,0,8,2,25%,5,0,87%
"Lincoln Univ, Ctr Int Dev LUCID",1,0,0,0,0,1,0,1,1,100%,0,0,100%
"Lincoln Univ, Ctr Soil & Environm Res",11,10,0,0,1,0,0,11,1,9%,10,0,100%
"Lincoln Univ, Ctr Wildlife Management & Conservat",2,1,0,0,0,1,0,2,1,50%,1,0,100%
"Lincoln Univ, Dairy NZ Ltd",1,1,0,0,0,0,0,1,0,0%,1,0,100%
"Lincoln Univ, DairyNZ",5,5,0,0,0,0,0,5,0,0%,1,4,100%
"Lincoln Univ, DairyNZ Ltd",3,2,0,0,0,1,0,3,1,33%,1,1,100%
"Lincoln Univ, Dept Accounting Econ & Finance",2,1,1,0,0,0,0,2,1,50%,0,1,100%
"Lincoln Univ, Dept Accounting Finance & Econ",1,1,0,0,0,0,0,1,0,0%,0,1,100%
"Lincoln Univ, Dept Agr & Life Sci",1,1,0,0,0,0,0,1,0,0%,1,0,100%
"Lincoln Univ, Dept Agr Sci",18,8,9,0,0,1,0,18,10,55%,5,3,100%
"Lincoln Univ, Dept Agribusiness & Commerce",3,2,0,0,0,1,0,3,1,33%,0,2,100%
"Lincoln Univ, Dept Agribusiness & Markets",3,2,1,0,0,0,0,3,1,33%,1,1,100%
"Lincoln Univ, Dept Basic Med Sci",1,1,0,0,0,0,0,0,0,,0,0,0%
"Lincoln Univ, Dept Business & Finance",4,2,1,1,0,0,0,4,2,50%,1,1,100%
"Lincoln Univ, Dept Commerce",1,1,0,0,0,0,0,1,0,0%,0,1,100%
"Lincoln Univ, Dept Ecol",3,2,0,0,1,0,0,3,1,33%,2,0,100%
"Lincoln Univ, Dept Environm Management",13,9,1,0,1,1,1,13,4,30%,8,1,100%
"Lincoln Univ, Dept Financial & Business Anal",4,3,0,0,0,1,0,4,1,25%,3,0,100%
"Lincoln Univ, Dept Financial & Business Syst",12,5,7,0,0,0,0,12,7,58%,2,3,100%
"Lincoln Univ, Dept Food Wine & Mol Biosci",1,0,1,0,0,0,0,1,1,100%,0,0,100%
"Lincoln Univ, Dept Global Value Chain & Trade",1,1,0,0,0,0,0,1,0,0%,1,0,100%
"Lincoln Univ, Dept Global Value Chains & Trade",11,11,0,0,0,0,0,11,0,0%,6,5,100%
"Lincoln Univ, Dept Land Management & Syst",8,3,3,0,0,1,1,8,5,62%,3,0,100%
"Lincoln Univ, Dept Management & Mkt",1,1,0,0,0,0,0,1,0,0%,0,1,100%
"Lincoln Univ, Dept Pest Management",1,0,1,0,0,0,0,1,1,100%,0,0,100%
"Lincoln Univ, Dept Pest Management & Conservat",15,7,6,0,0,1,1,15,8,53%,6,0,93%
"Lincoln Univ, Dept Soil & Phys Sci",32,23,3,0,0,1,5,32,9,28%,22,1,100%
"Lincoln Univ, Dept Soil Sci",3,2,1,0,0,0,0,3,1,33%,2,0,100%
"Lincoln Univ, Dept Soils & Phys Sci",1,0,0,0,0,0,1,1,1,100%,0,0,100%
"Lincoln Univ, Dept Tourism Sport & Soc",18,11,2,0,1,3,1,18,7,38%,11,0,100%
"Lincoln Univ, Dept Wine",2,1,1,0,0,0,0,2,1,50%,1,0,100%
"Lincoln Univ, Dept Wine & Food",1,1,0,0,0,0,0,1,0,0%,1,0,100%
"Lincoln Univ, Dept Wine Food & Mol Biosci",88,63,18,1,3,2,1,87,25,28%,57,3,96%
"Lincoln Univ, Dept Wine Food & Mol Biosciences",1,1,0,0,0,0,0,1,0,0%,0,0,0%
"Lincoln Univ, Dept Wine Food Mol Biosci",3,3,0,0,0,0,0,3,0,0%,2,0,66%
"Lincoln Univ, DesignLab",1,1,0,0,0,0,0,1,0,0%,1,0,100%
"Lincoln Univ, Econ",1,1,0,0,0,0,0,1,0,0%,0,1,100%
"Lincoln Univ, Ellesmere Junct Rd",2,1,1,0,0,0,0,2,1,50%,1,0,100%
"Lincoln Univ, Environm Soc & Design Unit",1,1,0,0,0,0,0,1,0,0%,1,0,100%
"Lincoln Univ, Fac AGLS",1,0,0,0,0,1,0,1,1,100%,0,0,100%
"Lincoln Univ, Fac Agr & & Life Sci",1,1,0,0,0,0,0,1,0,0%,1,0,100%
"Lincoln Univ, Fac Agr & Life Sci",273,158,69,1,12,14,19,273,115,42%,140,11,97%
"Lincoln Univ, Fac Agr & LifeSci",1,0,1,0,0,0,0,1,1,100%,0,0,100%
"Lincoln Univ, Fac Agr & Sci",1,1,0,0,0,0,0,1,0,0%,1,0,100%
"Lincoln Univ, Fac Agribusiness & Commerce",71,51,11,0,2,1,6,71,20,28%,44,7,100%
"Lincoln Univ, Fac Agribusiness & Trade",2,2,0,0,0,0,0,2,0,0%,2,0,100%
"Lincoln Univ, Fac Commerce",2,2,0,0,0,0,0,2,0,0%,0,2,100%
"Lincoln Univ, Fac Environm Soc & Design",26,17,5,1,1,0,2,24,9,37%,14,1,92%
"Lincoln Univ, Fac Life Sci",1,0,0,0,0,0,1,1,1,100%,0,0,100%
"Lincoln Univ, Field Res Ctr",3,3,0,0,0,0,0,3,0,0%,3,0,100%
"Lincoln Univ, Food Grp",1,1,0,0,0,0,0,1,0,0%,1,0,100%
"Lincoln Univ, Food Sci",1,1,0,0,0,0,0,1,0,0%,1,0,100%
"Lincoln Univ, Forbes 611",1,1,0,0,0,0,0,1,0,0%,1,0,100%
"Lincoln Univ, Future Farming Ctr",3,1,1,0,1,0,0,3,2,66%,1,0,100%
"Lincoln Univ, Gene Marker Lab",1,0,1,0,0,0,0,1,1,100%,0,0,100%
"Lincoln Univ, Global Value Chains & Trade",1,0,1,0,0,0,0,1,1,100%,0,0,100%
"Lincoln Univ, Hist",1,1,0,0,0,0,0,1,0,0%,1,0,100%
"Lincoln Univ, Innovat Ctr Food Res & Innovat",1,1,0,0,0,0,0,1,0,0%,1,0,100%
"Lincoln Univ, Land Management & Syst",3,1,1,0,1,0,0,3,2,66%,1,0,100%
"Lincoln Univ, Land Res Serv ARGOS",1,0,0,0,0,1,0,1,1,100%,0,0,100%
"Lincoln Univ, Lincoln",4,1,0,0,0,3,0,4,3,75%,0,1,100%
"Lincoln Univ, Lincoln Agritech Ltd",3,2,1,0,0,0,0,3,1,33%,2,0,100%
"Lincoln Univ, Lincoln Agritech Ltd 2",1,1,0,0,0,0,0,1,0,0%,1,0,100%
"Lincoln Univ, Lincoln Res Ctr",1,1,0,0,0,0,0,1,0,0%,1,0,100%
"Lincoln Univ, Natl Ctr Adv Bioprotect Technol",1,0,0,0,0,1,0,1,1,100%,0,0,100%
"Lincoln Univ, POB 85084",8,6,1,0,0,1,0,8,2,25%,5,1,100%
"Lincoln Univ, Pest Management & Conservat Dept",2,2,0,0,0,0,0,2,0,0%,2,0,100%
"Lincoln Univ, Private Bag 4800",1,1,0,0,0,0,0,1,0,0%,1,0,100%
"Lincoln Univ, Protect Res Ctr",1,0,1,0,0,0,0,1,1,100%,0,0,100%
"Lincoln Univ, Res Management Off",1,1,0,0,0,0,0,1,0,0%,1,0,100%
"Lincoln Univ, Sch Agr & Life Sci",1,1,0,0,0,0,0,1,0,0%,0,1,100%
"Lincoln Univ, Sch Business",1,0,1,0,0,0,0,1,1,100%,0,0,100%
"Lincoln Univ, Sch Landscape Architecture",6,4,0,0,1,0,1,6,2,33%,4,0,100%
"Lincoln Univ, Seed Res Ctr",3,3,0,0,0,0,0,3,0,0%,2,1,100%
"Lincoln Univ, Sociol Sport",1,1,0,0,0,0,0,1,0,0%,0,1,100%
"Lincoln Univ, Soil Sci Dept",1,1,0,0,0,0,0,1,0,0%,1,0,100%
"Lincoln Univ, South Isl Dairying Dev Ctr",1,0,0,0,0,0,1,1,1,100%,0,0,100%
"Lincoln Univ, Tourism",1,1,0,0,0,0,0,1,0,0%,1,0,100%
"Lincoln Univ, Trade & Environm Econ",1,1,0,0,0,0,0,1,0,0%,1,0,100%
"Lincoln Univ, Waterways Ctr Freshwater Management",2,2,0,0,0,0,0,2,0,0%,2,0,100%
"Lincoln Univ, Wine Food & Mol Biosci",1,1,0,0,0,0,0,1,0,0%,1,0,100%
"Lincoln Univ, Wine Food & Mol Sci",1,1,0,0,0,0,0,1,0,0%,1,0,100%
"Lincoln Univ, Yili Innovat Ctr Oceania",1,1,0,0,0,0,0,1,0,0%,1,0,100%
Lincoln University,97,66,10,3,4,8,6,81,31,38%,36,10,79%
"National Centre for Advanced Bio-Protection Technologies, Lincoln University",1,0,0,0,0,1,0,1,1,100%,0,0,100%
"National Institute of Water and Atmospheric Research, P.O. Box 8602, Christchurch, 8440, New Zealand, Department of Environmental Management, Lincoln University",1,0,1,0,0,0,0,1,1,100%,0,0,100%
"Overseas Expertise Introduction Center for Discipline Innovation of Food Nutrition and Human Health (111 Center), Guangzhou, China, Department of Wine, Food and Molecular Biosciences, Lincoln University",2,2,0,0,0,0,0,2,0,0%,2,0,100%
"Overseas Expertise Introduction Center for Discipline Innovation of Food Nutrition and Human Health (111 Center), Guangzhou, China, Departsment of Wine, Food and Molecular Biosciences, Lincoln University",1,1,0,0,0,0,0,1,0,0%,1,0,100%
"Pest Management and Conservation Department, Lincoln University",1,1,0,0,0,0,0,1,0,0%,1,0,100%
"Plant & Environment Sciences, University Copenhagen, Taastrup, Denmark, Lincoln University",2,0,0,0,0,2,0,2,2,100%,0,0,100%
"Plant Biosecurity Cooperative Research Centre, Bruce, ACT, Australia, The Bio-Protection Research Centre, Lincoln University",1,1,0,0,0,0,0,1,0,0%,1,0,100%
"Royal Botanic Gardens, Kew, Ardingly, United Kingdom, Bio-Protection Research Centre, Lincoln University",1,1,0,0,0,0,0,1,0,0%,0,0,0%
"School of Agriculture and Food, Faculty of Veterinary and Agricultural Sciences, The University of Melbourne, Parkville, Australia, Department of Wine, Food and Molecular Biosciences, Faculty of Agriculture and Life Sciences, Lincoln University",1,0,0,0,0,0,1,1,1,100%,0,0,100%
"School of Agriculture and Food, Faculty of Veterinary and Agricultural Sciences, University of Melbourne, Melbourne, VIC  3010, Australia, Department OfWine Food and Molecular Biosciences, Faculty of Agriculture and Life Sciences, Lincoln University",1,0,1,0,0,0,0,1,1,100%,0,0,100%
"School of Agriculture and Food, Faculty of Veterinary and Agricultural Sciences, University of Melbourne, Melbourne, VIC  3010, Australia, Department of Wine, Food and Molecular Biosciences, Faculty of Agriculture and Life Sciences, Lincoln University",3,0,3,0,0,0,0,3,3,100%,0,0,100%
"School of Agriculture and Food, Faculty of Veterinary and Agricultural Sciences, University of MelbourneVIC  3010, Australia, Faculty of Agriculture and Life Sciences, Lincoln University",1,0,1,0,0,0,0,1,1,100%,0,0,100%
"School of Agriculture and Life Sciences, Lincoln University",1,1,0,0,0,0,0,1,0,0%,0,1,100%
"School of Banking and Finance, National Economics University, Hanoi, Viet Nam, Department of Agribusiness and Commerce, Lincoln University",1,1,0,0,0,0,0,1,0,0%,0,1,100%
"School of Banking and Finance, National Economics University, Hanoi, Viet Nam, Department of Financial and Business Systems, Lincoln University",1,1,0,0,0,0,0,1,0,0%,0,1,100%
"School of Chemical Sciences, The University of Auckland, Private Bag 92019, Auckland, 1142, New Zealand, Department of Wine, Food and Molecular Bioscience, Lincoln University",1,0,1,0,0,0,0,1,1,100%,0,0,100%
"School of Food Science and Engineering, South China University of Technology, 381 Wushan Road, Guangzhou, Guangdong  510640, China, Centre for Food Research and Innovation, Department of Wine, Food and Molecular Biosciences, Lincoln University",1,1,0,0,0,0,0,1,0,0%,1,0,100%
"School of Food Science and Engineering, South China University of Technology, 381 Wushan Road, Guangzhou, Guangdong  510640, China, Department of Wine, Food and Molecular Biosciences, Centre for Food Research and Innovation, Lincoln University",1,1,0,0,0,0,0,1,0,0%,1,0,100%
"School of Food Science and Engineering, South China University of Technology, Guangzhou, 510640, China, Department of Wine, Food Molecular Biosciences, Lincoln University",1,0,1,0,0,0,0,1,1,100%,0,0,100%
"School of Food Science and Engineering, South China University of Technology, Guangzhou, 510640, China, Department of Wine, Food and Molecular Biosciences, Lincoln University",2,0,2,0,0,0,0,2,2,100%,0,0,100%
"School of Food Science and Engineering, South China University of Technology, Guangzhou, 510641, China, Department of Wine, Food and Molecular Biosciences, Lincoln University",1,1,0,0,0,0,0,1,0,0%,1,0,100%
"School of Food Science and Engineering, South China University of Technology, Overseas Expertise Introduction Center for Discipline Innovation of Food Nutrition and Human Health (111 Center), Guangzhou, China, Department of Wine, Food Molecular Biosciences, Lincoln University",1,1,0,0,0,0,0,1,0,0%,1,0,100%
"School of Health and Social, Lincoln University",1,0,0,0,1,0,0,1,1,100%,0,0,100%
"School of Landscape Architecture, Faculty of Environment, Society and Design, Lincoln University",4,1,2,0,0,0,1,4,3,75%,1,0,100%
"School of Landscape Architecture, Lincoln University",4,2,1,0,1,0,0,4,2,50%,2,0,100%
"Scion, PO Box 29237, Riccarton, Christchurch, 8440, New Zealand, BioProtection Research Centre, Lincoln University",1,1,0,0,0,0,0,1,0,0%,1,0,100%
"Seed Research Centre, Lincoln University",3,3,0,0,0,0,0,3,0,0%,2,1,100%
"Senior Lecturer, Faculty of Agribusiness and Commerce, Lincoln University",1,1,0,0,0,0,0,1,0,0%,1,0,100%
"Soil Science Department, Lincoln University",1,1,0,0,0,0,0,1,0,0%,1,0,100%
"Soil and Environmental Research, Faculty of Agriculture and Life Sciences, Lincoln University",1,1,0,0,0,0,0,1,0,0%,1,0,100%
"South Island Dairying Development Centre, Lincoln University",1,0,0,0,0,0,1,1,1,100%,0,0,100%
"Te Tira Whakamataki-the Maori Biosecurity Network, 145 King Street, Rangiora, Canterbury, 7400, New Zealand, Bio-Protection Research Centre, Lincoln University",1,1,0,0,0,0,0,1,0,0%,0,1,100%
"The Bio-Protection Centre, Lincoln University",2,2,0,0,0,0,0,2,0,0%,1,0,50%
"The Bio-Protection Research Centre, Lincoln University",8,3,1,0,0,0,4,8,5,62%,3,0,100%
"The Department of Agriculture Sciences, Lincoln University",1,1,0,0,0,0,0,1,0,0%,1,0,100%
"The Department of Wine, Food and Molecular Biosciences, Lincoln University",1,1,0,0,0,0,0,1,0,0%,1,0,100%
"The State Key Laboratory of Grassland Agro-ecosystems, Lanzhou University, College of Pastoral Agriculture Science and Technology, Lanzhou, 730020, China, Department of Soil and Physical Sciences, Lincoln University",1,1,0,0,0,0,0,1,0,0%,1,0,100%
"The University of Pennsylvania, United States, The Lincoln University",1,1,0,0,0,0,0,1,0,0%,1,0,100%
"Tianjin Key Laboratory of Food Biotechnology, College of Biotechnology and Food Science, Tianjin University of Commerce, Tianjin, 300134, China, Centre for Food Research and Innovation, Department of Wine, Food and Molecular Bioscience, Lincoln University",1,0,1,0,0,0,0,1,1,100%,0,0,100%
"Tianjin Key Laboratory of Food Biotechnology, College of Biotechnology and Food Science, Tianjin University of Commerce, Tianjin, 300134, China, Department of Wine, Food and Molecular Biosciences, Lincoln University",3,3,0,0,0,0,0,3,0,0%,2,0,66%
"Tianjin Key Laboratory of Food and Biotechnology, School of Biotechnology and Food Science, Tianjin University of Commerce, Tianjin, 300134, China, Centre for Food Research and Innovation, Department of Wine, Food and Molecular Bioscience, Lincoln University",3,2,1,0,0,0,0,3,1,33%,0,0,33%
"Tianjin Key Laboratory of Food and Biotechnology, School of Biotechnology and Food Science, Tianjin University of Commerce, Tianjin, 300134, China, Department of Wine, Food and Molecular Biosciences, Faculty of Agriculture and Life Sciences, Lincoln University",2,1,0,0,0,0,1,2,1,50%,1,0,100%
Tourism at Lincoln University,1,1,0,0,0,0,0,1,0,0%,1,0,100%
"Tūhoe, Te Whakatōhea, Te Whānau a Āpanui, New Zealand, Bio Protection Research Centre, Lincoln University",1,0,1,0,0,0,0,1,1,100%,0,0,100%
"University of Edinburgh Business School, 29 Buccleuch Pl, Edinburgh, EH8 9JS, United Kingdom, Scotland's Rural College, Peter Wilson Building King's Buildings, West Mains Rd, Edinburgh, EH9 3JG, United Kingdom, Land Management and Systems, Faculty of Agribusiness and Commerce, Lincoln University",2,1,0,0,0,0,0,0,0,,0,0,0%
"University of Melbourne, School of Agriculture and Food, Faculty of Veterinary and Agricultural SciencesVIC  3010, Australia, Lincoln University",1,0,1,0,0,0,0,1,1,100%,0,0,100%
"Waterways Centre for Freshwater Management, Lincoln University",2,2,0,0,0,0,0,2,0,0%,2,0,100%
"Waterways Centre for Freshwater Management, University of Canterbury and Lincoln University",4,3,0,0,0,0,1,4,1,25%,2,1,100%
"Wine Food and Molecular Sciences, Lincoln University",1,1,0,0,0,0,0,1,0,0%,1,0,100%
"Wine, Food & Molecular Biosciences, Lincoln University",1,1,0,0,0,0,0,1,0,0%,1,0,100%
"Yili Innovation Center Oceania, Lincoln University",1,1,0,0,0,0,0,1,0,0%,1,0,100%
"Zero Invasive Predators, 39 Waiapu Road, Wellington, 6012, New Zealand, Department of Pest Management, Lincoln University",1,0,1,0,0,0,0,1,1,100%,0,0,100%
